,Coquimbo,Valparaiso,Metropolitana_de_Santiago,Libertador_Gral__Bernardo_O_Higgins,Maule,Biobio,La_Araucania,Los_Rios,Imacec_empalmado,Imacec_produccion_de_bienes,Imacec_minero,Imacec_industria,Imacec_resto_de_bienes,Imacec_comercio,Imacec_servicios,Imacec_a_costo_de_factores,Imacec_no_minero,PIB_Agropecuario_silvicola,PIB_Pesca,PIB_Mineria,PIB_Mineria_del_cobre,PIB_Otras_actividades_mineras,PIB_Industria_Manufacturera,PIB_Alimentos,PIB_Bebidas_y_tabaco,PIB_Textil,PIB_Maderas_y_muebles,PIB_Celulosa,PIB_Refinacion_de_petroleo,PIB_Quimica,PIB_Minerales_no_metalicos_y_metalica_basica,PIB_Productos_metalicos,PIB_Electricidad,PIB_Construccion,PIB_Comercio,PIB_Restaurantes_y_hoteles,PIB_Transporte,PIB_Comunicaciones,PIB_Servicios_financieros,PIB_Servicios_empresariales,PIB_Servicios_de_vivienda,PIB_Servicios_personales,PIB_Administracion_publica,PIB_a_costo_de_factores,Impuesto_al_valor_agregado,Derechos_de_Importacion,PIB,Precio_de_la_gasolina_en_EEUU_dolaresm3,Precio_de_la_onza_troy_de_oro_dolaresoz,Precio_de_la_onza_troy_de_plata_dolaresoz,Precio_del_cobre_refinado_BML_dolareslibra,Precio_del_diesel_centavos_de_dolargalon,Precio_del_gas_natural_dolaresmillon_de_unidades_termicas_britanicas,Precio_del_petroleo_Brent_dolaresbarril,Precio_del_kerosene_dolaresm3,Precio_del_petroleo_WTI_dolaresbarril,Precio_del_propano_centavos_de_dolargalon_DTN,Tipo_de_cambio_del_dolar_observado_diario,Ocupados,Ocupacion_en_Agricultura_INE,Ocupacion_en_Explotacion_de_minas_y_canteras_INE,Ocupacion_en_Industrias_manufactureras_INE,Ocupacion_en_Suministro_de_electricidad_INE,Ocupacion_en_Actividades_de_servicios_administrativos_y_de_apoyo_INE,Ocupacion_en_Actividades_profesionales_INE,Ocupacion_en_Actividades_inmobiliarias_INE,Ocupacion_en_Actividades_financieras_y_de_seguros_INE,Ocupacion_en_Informacion_y_comunicaciones_INE,Ocupacion_en_Transporte_y_almacenamiento_INE,Ocupacion_en_Actividades_de_alojamiento_y_de_servicio_de_comidas_INE,Ocupacion_en_Construccion_INE,Ocupacion_en_Comercio_INE,Ocupacion_en_Suministro_de_agua_evacuacion_de_aguas_residuales_INE,Ocupacion_en_Administracion_publica_y_defensa_INE,Ocupacion_en_Enseanza_INE,Ocupacion_en_Actividades_de_atencion_de_la_salud_humana_y_de_asistencia_social_INE,Ocupacion_en_Actividades_artisticas_INE,Ocupacion_en_Otras_actividades_de_servicios_INE,Ocupacion_en_Actividades_de_los_hogares_como_empleadores_INE,Ocupacion_en_Actividades_de_organizaciones_y_organos_extraterritoriales_INE,No_sabe__No_responde_Miles_de_personas,Tipo_de_cambio_nominal_multilateral___TCM,Indice_de_tipo_de_cambio_real___TCR_promedio_1986_100,Indice_de_produccion_industrial,Indice_de_produccion_industrial__mineria,Indice_de_produccion_industrial_electricidad__gas_y_agua,Indice_de_produccion_industrial__manufacturera,Generacion_de_energia_electrica_CDEC_GWh,Indice_de_ventas_comercio_real_IVCM,Indice_de_ventas_comercio_real_no_durables_IVCM,Indice_de_ventas_comercio_real_durables_IVCM,Ventas_autos_nuevos,Precio_leche
0,10.155732041302805,9.47602272818361,9.72288590112088,6.64505426047384,7.5312146444660915,10.610359052131699,21.2867174428708,36.4191860678276,102.0,10.0,978.0,102.0,114.0,110.0,100.0,103.0,103.0,579.0,570.0,123.0,110.0,131.0,130.0,367.0,162.0,330.0,643.0,974.0,103.0,184.0,807.0,212.0,301.0,710.0,115.0,202.0,546.0,337.0,5.0,11.0,793.0,140.0,512.0,108.0,896.0,659.0,118.0,7.0,1593.6,288.157,347.0,301.11,3.8117,109.24,76.0,92.91,89.171,472.0,799.0,798.0,258.0,901.0,360.0,18.0,229.0,547.0,19.0,155.0,498.0,341.0,682.0,151.0,349.0,445.0,587.0,362.0,82.0,201.0,416.0,190.0,,93.0,865.0,102.0,98.0,,108.0,580.0,,,,28577.0,3.85
1,2.66233332991917,3.32974025517303,10.5723154322063,12.139348813117499,39.1048669912256,49.439734070859096,84.5713861484339,161.760891522548,101.0,999.0,927.0,104.0,102.0,106.0,102.0,101.0,102.0,374.0,606.0,11.0,10.0,134.0,133.0,38.0,188.0,380.0,684.0,945.0,824.0,172.0,831.0,224.0,280.0,749.0,110.0,209.0,544.0,348.0,565.0,121.0,80.0,144.0,511.0,107.0,901.0,59.0,116.0,71.0,1485.03,252.768,326.0,287.6,4.1674,102.87,71.0,92.02,93.85700000000001,472.0,801.0,748.0,25.0,872.0,35.0,189.0,245.0,517.0,200.0,163.0,50.0,31.0,714.0,155.0,357.0,437.0,609.0,36.0,897.0,202.0,433.0,101.0,,934.0,867.0,968.0,914.0,,104.0,544.0,,,,32206.0,4.58
2,0.28205228844061,2.22858766456098,3.5009228156054504,1.39412403876005,4.3662479145254,11.9770279115343,36.4933130345268,73.3239535151834,101.0,993.0,96.0,105.0,968.0,100.0,104.0,101.0,102.0,311.0,545.0,121.0,107.0,135.0,134.0,37.0,184.0,342.0,686.0,104.0,101.0,173.0,778.0,228.0,274.0,74.0,10.0,206.0,536.0,355.0,571.0,125.0,805.0,147.0,512.0,107.0,913.0,436.0,116.0,7.0,1416.59,230.894,327.0,284.56,4.0423,103.03,71.0,94.76,93.351,479.0,801.0,689.0,2.0,885.0,370.0,183.0,259.0,523.0,204.0,164.0,502.0,30.0,703.0,15.0,387.0,429.0,63.0,364.0,928.0,200.0,438.0,95.0,,944.0,878.0,978.0,966.0,,99.0,56.0,,,,31589.0,5.18
3,0.14211111110482902,1.62952922227756,6.72354025601241,3.5774883606637204,10.806846918758302,42.94164894140779,95.0519801544399,176.105374604849,998.0,968.0,102.0,999.0,89.0,939.0,103.0,100.0,995.0,246.0,418.0,129.0,115.0,138.0,127.0,323.0,17.0,290.0,667.0,102.0,100.0,187.0,716.0,222.0,270.0,719.0,979.0,208.0,526.0,353.0,573.0,125.0,811.0,146.0,514.0,105.0,883.0,474.0,114.0,70.0,1342.47,211.18599999999998,317.0,285.99,3.8246,103.11,72.0,95.79,86.18799999999999,502.0,800.0,643.0,271.0,893.0,393.0,174.0,256.0,541.0,19.0,167.0,514.0,30.0,698.0,156.0,398.0,429.0,648.0,364.0,922.0,201.0,447.0,66.0,,985.0,913.0,966.0,981.0,,94.0,56.0,,,,28457.0,6.06
4,59.7753986807431,114.732581089069,134.130436340434,185.615612733826,234.37450087764702,288.971342847702,289.062543882093,380.996731149442,964.0,961.0,980.0,100.0,901.0,92.0,969.0,962.0,962.0,201.0,565.0,123.0,10.0,145.0,128.0,327.0,163.0,277.0,692.0,10.0,102.0,179.0,763.0,23.0,293.0,741.0,967.0,212.0,536.0,353.0,574.0,124.0,813.0,108.0,515.0,101.0,912.0,546.0,11.0,75.0,1288.01,197.571,312.0,298.09,3.6242,107.72,7.0,104.7,92.179,504.0,798.0,625.0,268.0,90.0,422.0,163.0,249.0,685.0,190.0,158.0,509.0,326.0,685.0,1.0,397.0,421.0,675.0,367.0,961.0,187.0,436.0,121.0,,982.0,909.0,100.0,990.0,,102.0,586.0,,,,31736.0,7.25
5,10.262666673459199,38.2961850042467,54.5056544918342,91.17088374056559,130.348477558764,173.495359116412,206.75670210060397,298.44633065945703,993.0,959.0,102.0,99.0,867.0,940.0,102.0,992.0,988.0,164.0,383.0,129.0,115.0,139.0,127.0,319.0,164.0,279.0,678.0,105.0,968.0,193.0,741.0,220.0,291.0,750.0,980.0,211.0,540.0,352.0,578.0,119.0,814.0,142.0,51.0,104.0,919.0,582.0,114.0,75.0,1353.68,221.34900000000002,325.0,304.16,3.424,110.97,77.0,106.55,106.176,512.0,800.0,630.0,262.0,910.0,392.0,163.0,247.0,706.0,196.0,153.0,523.0,314.0,691.0,156.0,410.0,41.0,684.0,371.0,108.0,193.0,425.0,138.0,,997.0,924.0,100.0,100.0,,102.0,581.0,,,,27984.0,7.71
6,11.8082352878319,22.5587824795927,26.1286241936204,81.7925580904465,175.18511646162796,182.57376314224098,190.569512558274,236.397364466073,950.0,913.0,103.0,903.0,818.0,877.0,98.0,9.0,940.0,160.0,38.0,130.0,116.0,139.0,115.0,26.0,16.0,263.0,587.0,974.0,101.0,175.0,643.0,19.0,295.0,677.0,91.0,214.0,522.0,350.0,575.0,119.0,816.0,124.0,5.0,997.0,889.0,567.0,109.0,68.0,1350.79,226.00900000000001,324.0,301.51,3.6154,111.62,76.0,106.25,110.738,504.0,80.0,622.0,258.0,932.0,349.0,160.0,254.0,753.0,192.0,160.0,513.0,306.0,680.0,157.0,453.0,416.0,687.0,368.0,108.0,194.0,422.0,286.0,,982.0,9.0,953.0,999.0,,90.0,540.0,,,,32220.0,8.1
7,9.663699346352251,30.023555207562104,59.3566778074175,79.5940775730813,119.70953431026301,190.263603895269,241.97817943773498,327.232467927366,102.0,101.0,106.0,102.0,9.0,978.0,104.0,102.0,102.0,221.0,729.0,134.0,11.0,156.0,131.0,332.0,163.0,351.0,697.0,100.0,867.0,206.0,856.0,232.0,309.0,776.0,102.0,215.0,564.0,376.0,573.0,121.0,812.0,147.0,520.0,108.0,937.0,570.0,118.0,65.0,1315.89,220.06099999999998,326.0,293.6,3.6751,109.48,76.0,100.5,113.47200000000001,500.0,802.0,617.0,259.0,921.0,331.0,165.0,256.0,734.0,191.0,171.0,516.0,302.0,673.0,157.0,433.0,423.0,699.0,373.0,108.0,216.0,406.0,404.0,,983.0,909.0,104.0,104.0,,104.0,577.0,,,,31380.0,7.65
8,1.7691568644413,8.41550325842381,37.91278522536661,45.0719689420951,85.93964235477159,135.746449506029,170.227623959125,259.034353842723,105.0,103.0,108.0,100.0,10.0,990.0,108.0,105.0,10.0,258.0,671.0,137.0,121.0,153.0,128.0,324.0,162.0,316.0,676.0,102.0,819.0,202.0,76.0,231.0,303.0,844.0,103.0,228.0,560.0,396.0,576.0,134.0,852.0,148.0,521.0,111.0,969.0,517.0,121.0,64.0,1275.18,206.93200000000002,320.0,285.67,3.6196,108.08,74.0,93.89,118.086,519.0,80.0,628.0,263.0,909.0,332.0,183.0,257.0,693.0,183.0,178.0,514.0,316.0,682.0,157.0,416.0,424.0,697.0,372.0,112.0,226.0,392.0,43.0,,101.0,929.0,104.0,106.0,,103.0,560.0,,,,34358.0,6.96
9,1.34043790902821,1.5013311701984,5.759848985608491,12.7633333244065,34.986530782379,56.3732048488678,57.19621476451589,95.24611119706499,108.0,111.0,110.0,102.0,121.0,122.0,101.0,107.0,108.0,334.0,549.0,139.0,125.0,138.0,130.0,311.0,178.0,327.0,687.0,109.0,107.0,190.0,659.0,241.0,317.0,103.0,127.0,228.0,568.0,39.0,59.0,132.0,860.0,108.0,525.0,113.0,113.0,485.0,124.0,66.0,1221.5,196.507,326.0,295.84,4.2359,110.67,77.0,97.85,127.431,5.0,814.0,667.0,264.0,915.0,353.0,205.0,261.0,688.0,177.0,181.0,511.0,31.0,695.0,1.0,421.0,428.0,698.0,376.0,114.0,226.0,374.0,496.0,,102.0,94.0,105.0,107.0,,101.0,590.0,,,,38025.0,5.79
10,4.78873203050321,4.01663961675163,3.60021812083112,2.22537984575412,6.563901823962389,31.959075818829106,73.836199502589,129.497739018088,976.0,101.0,977.0,985.0,107.0,103.0,93.0,97.0,975.0,55.0,449.0,123.0,110.0,125.0,125.0,323.0,160.0,271.0,613.0,111.0,107.0,197.0,6.0,203.0,309.0,635.0,10.0,220.0,539.0,364.0,603.0,126.0,85.0,787.0,522.0,102.0,886.0,562.0,112.0,6.0,1244.07,198.942,33.0,290.97,4.7043,107.42,7.0,94.86,139.429,537.0,817.0,70.0,257.0,93.0,349.0,212.0,261.0,670.0,185.0,175.0,506.0,314.0,70.0,159.0,403.0,433.0,66.0,381.0,105.0,213.0,36.0,408.0,,103.0,953.0,983.0,952.0,103.0,1.0,586.0,940.0,943.0,924.0,34224.0,5.29
11,0.632294116004863,0.7322564958413309,2.16135905626474,1.42378294762484,0.536896838715142,2.37817819419,13.3945316017477,39.94719649346921,935.0,982.0,942.0,918.0,107.0,102.0,888.0,9.0,934.0,589.0,530.0,118.0,107.0,112.0,117.0,326.0,151.0,24.0,58.0,985.0,987.0,169.0,637.0,182.0,276.0,621.0,106.0,21.0,530.0,329.0,602.0,116.0,829.0,690.0,523.0,985.0,841.0,536.0,107.0,69.0,1302.63,208.81599999999997,324.0,297.88,5.9842,108.81,7.0,100.73,142.797,5.0,820.0,736.0,253.0,941.0,357.0,20.0,269.0,718.0,186.0,181.0,500.0,319.0,689.0,161.0,385.0,443.0,624.0,406.0,948.0,21.0,369.0,388.0,,1.0,980.0,938.0,916.0,97.0,95.0,533.0,911.0,928.0,841.0,25716.0,5.2
12,3.52467320647237,2.3787662295697203,7.27827181044541,4.80475968850213,7.83152246846819,33.6840026451552,96.70796641882193,130.212945686754,105.0,107.0,101.0,105.0,114.0,11.0,103.0,106.0,106.0,53.0,107.0,127.0,115.0,124.0,134.0,397.0,156.0,291.0,663.0,102.0,115.0,197.0,757.0,202.0,290.0,710.0,122.0,211.0,561.0,344.0,595.0,117.0,825.0,142.0,525.0,111.0,9.0,640.0,121.0,71.0,1334.83,206.66400000000002,302.0,291.92,4.879,107.4,74.0,100.57,106.65100000000001,563.0,8.0,724.0,258.0,910.0,378.0,212.0,268.0,63.0,1.0,171.0,505.0,321.0,678.0,161.0,413.0,442.0,612.0,40.0,101.0,220.0,367.0,13.0,,107.0,9.0,103.0,987.0,104.0,107.0,593.0,1.0,101.0,100.0,27801.0,5.41
13,1.68885621159928,8.38985389594424,17.803070451948603,7.295178298057281,3.0159317792924796,22.1861968265569,43.1574105715261,65.22801037229,103.0,10.0,974.0,103.0,100.0,106.0,105.0,103.0,103.0,325.0,935.0,123.0,110.0,125.0,132.0,371.0,167.0,312.0,675.0,984.0,100.0,200.0,735.0,215.0,282.0,742.0,111.0,218.0,548.0,354.0,587.0,124.0,829.0,147.0,523.0,10.0,907.0,475.0,118.0,74.0,1298.87,197.253,30.0,293.38,4.6339,107.79,75.0,102.08,109.994,554.0,818.0,717.0,259.0,897.0,385.0,2.0,278.0,635.0,189.0,16.0,522.0,313.0,677.0,160.0,421.0,434.0,636.0,407.0,108.0,235.0,371.0,40.0,,106.0,976.0,100.0,963.0,992.0,104.0,559.0,953.0,963.0,910.0,26698.0,5.96
14,2.23720261467365,5.0820941543539195,5.403087250900849,15.025209344819501,31.2800166809222,78.8543882826541,128.113099669829,172.223449588746,103.0,101.0,106.0,103.0,956.0,103.0,105.0,103.0,103.0,267.0,754.0,134.0,12.0,129.0,131.0,366.0,166.0,311.0,700.0,104.0,108.0,190.0,73.0,205.0,301.0,727.0,107.0,211.0,54.0,360.0,59.0,124.0,831.0,150.0,52.0,109.0,928.0,477.0,119.0,72.0,1288.32,193.512,312.0,290.3,4.5642,109.68,74.0,101.86,104.17299999999999,555.0,815.0,691.0,257.0,904.0,401.0,20.0,280.0,634.0,191.0,160.0,526.0,299.0,68.0,159.0,409.0,42.0,663.0,402.0,103.0,236.0,385.0,40.0,,106.0,976.0,102.0,10.0,101.0,101.0,586.0,998.0,998.0,996.0,25289.0,6.41
15,0.9547973821633592,2.0448538928788604,11.6125000191496,17.5495658452081,49.3469967572344,91.35206792456042,108.177326652719,147.356305267768,100.0,961.0,103.0,966.0,895.0,947.0,10.0,101.0,100.0,217.0,735.0,130.0,117.0,131.0,123.0,336.0,156.0,27.0,66.0,100.0,952.0,188.0,665.0,196.0,295.0,697.0,9.0,212.0,537.0,362.0,587.0,124.0,838.0,150.0,526.0,106.0,906.0,432.0,115.0,7.0,1282.57,19.909000000000002,308.0,292.75,4.5724,111.87,75.0,105.24,104.696,553.0,812.0,657.0,249.0,920.0,405.0,197.0,281.0,690.0,19.0,168.0,507.0,290.0,688.0,155.0,42.0,426.0,677.0,407.0,104.0,239.0,394.0,242.0,,105.0,969.0,992.0,101.0,999.0,968.0,587.0,945.0,946.0,944.0,25797.0,7.25
16,2.48494117769224,22.2330032276086,59.9841441204084,134.375286522207,174.540865341161,196.509109324597,250.97147754631402,353.532545025651,968.0,947.0,994.0,980.0,875.0,94.0,988.0,968.0,965.0,183.0,701.0,125.0,112.0,131.0,125.0,334.0,147.0,262.0,723.0,103.0,106.0,18.0,701.0,204.0,288.0,712.0,985.0,216.0,552.0,359.0,588.0,12.0,849.0,112.0,526.0,101.0,905.0,434.0,111.0,71.0,1311.82,209.15099999999998,322.0,284.24,4.0113,106.98,72.0,102.94,103.676,558.0,808.0,630.0,244.0,91.0,411.0,183.0,2.0,677.0,183.0,170.0,498.0,299.0,683.0,155.0,451.0,435.0,685.0,429.0,10.0,237.0,398.0,262.0,,107.0,9.0,987.0,980.0,101.0,987.0,599.0,965.0,968.0,949.0,27561.0,8.8
17,50.7488889098947,105.86574681393499,116.84404357167699,186.488790822584,273.41400176951197,360.173443966723,367.154828829159,419.304741753472,995.0,929.0,990.0,949.0,858.0,944.0,10.0,995.0,995.0,149.0,503.0,124.0,110.0,147.0,121.0,307.0,15.0,24.0,687.0,992.0,974.0,190.0,727.0,200.0,319.0,711.0,984.0,219.0,557.0,361.0,587.0,121.0,850.0,147.0,528.0,104.0,917.0,464.0,11.0,69.0,1295.7,197.13400000000001,317.0,282.05,3.8851,101.92,71.0,96.38,101.79799999999999,579.0,804.0,62.0,243.0,921.0,424.0,18.0,269.0,699.0,181.0,175.0,492.0,289.0,678.0,152.0,475.0,443.0,686.0,436.0,111.0,223.0,385.0,258.0,,110.0,100.0,978.0,984.0,985.0,970.0,593.0,999.0,987.0,105.0,30846.0,9.28
18,7.56681699338399,31.8215422604668,65.903741786944,112.247054225715,202.99737088969897,346.93735378346497,349.478621274392,416.007106574007,974.0,919.0,101.0,930.0,822.0,922.0,101.0,972.0,96.0,162.0,46.0,128.0,114.0,14.0,118.0,284.0,155.0,25.0,6.0,99.0,106.0,193.0,6.0,194.0,311.0,659.0,961.0,224.0,549.0,366.0,584.0,120.0,856.0,128.0,533.0,102.0,912.0,576.0,111.0,68.0,1237.96,184.40099999999998,311.0,270.73,3.9178,97.34,68.0,93.22,106.286,593.0,80.0,618.0,245.0,915.0,375.0,196.0,257.0,687.0,169.0,175.0,502.0,307.0,674.0,154.0,444.0,452.0,693.0,455.0,121.0,221.0,379.0,290.0,,1.0,101.0,959.0,998.0,941.0,926.0,56.0,946.0,940.0,971.0,29753.0,9.48
19,10.6538758223353,44.577564957854,57.1055704107221,113.3990234375,177.620108060154,210.729295405936,203.740685404119,259.291860496659,104.0,103.0,108.0,103.0,990.0,966.0,107.0,104.0,104.0,246.0,658.0,136.0,120.0,164.0,132.0,340.0,166.0,322.0,765.0,102.0,931.0,216.0,749.0,218.0,333.0,775.0,100.0,225.0,590.0,388.0,582.0,12.0,858.0,152.0,537.0,110.0,942.0,528.0,120.0,57.0,1223.1,171.926,305.0,250.31,3.7723,87.27,63.0,84.4,93.902,589.0,813.0,626.0,244.0,920.0,392.0,205.0,259.0,686.0,177.0,176.0,496.0,307.0,680.0,154.0,499.0,454.0,708.0,456.0,119.0,219.0,375.0,391.0,,109.0,979.0,104.0,10.0,989.0,104.0,596.0,998.0,101.0,940.0,25459.0,9.14
20,16.863202604670903,38.7996266313962,76.0147483812883,121.37781368521799,153.78417642501302,211.73562480541,250.302833069034,312.636240956703,106.0,103.0,104.0,990.0,105.0,976.0,111.0,106.0,107.0,284.0,596.0,131.0,115.0,161.0,126.0,325.0,165.0,302.0,744.0,99.0,784.0,201.0,758.0,212.0,333.0,839.0,101.0,23.0,58.0,41.0,595.0,133.0,888.0,152.0,539.0,112.0,969.0,532.0,122.0,51.0,1177.09,160.162,303.0,230.75,4.1022,78.44,56.0,75.81,80.542,5.0,820.0,649.0,25.0,908.0,392.0,214.0,257.0,697.0,183.0,185.0,503.0,325.0,68.0,156.0,50.0,453.0,71.0,436.0,115.0,227.0,356.0,389.0,,108.0,967.0,100.0,101.0,987.0,99.0,583.0,992.0,991.0,998.0,24286.0,8.28
21,2.86377778378334,3.27868506738118,9.39196308573158,10.7474883784619,15.2082362773266,44.79468748861171,93.73446296901079,164.0555040325,111.0,113.0,11.0,103.0,122.0,128.0,103.0,109.0,11.0,378.0,420.0,143.0,127.0,155.0,132.0,323.0,184.0,338.0,756.0,106.0,932.0,197.0,696.0,240.0,339.0,994.0,133.0,235.0,59.0,411.0,614.0,129.0,90.0,110.0,545.0,11.0,117.0,503.0,127.0,37.0,1198.6,162.22799999999998,291.0,177.97,3.4012,62.33,42.0,59.26,55.72,612.0,82.0,699.0,257.0,909.0,452.0,222.0,248.0,6.0,193.0,175.0,511.0,319.0,683.0,157.0,48.0,464.0,709.0,428.0,106.0,238.0,342.0,195.0,,110.0,986.0,105.0,10.0,102.0,102.0,607.0,133.0,130.0,146.0,34164.0,7.24
22,0.608124184007056,6.099642838357482,15.546157724505301,27.0848682551421,22.146131449352694,12.730392269958598,41.19069306830461,77.6020155445858,100.0,104.0,105.0,973.0,110.0,107.0,962.0,10.0,996.0,594.0,42.0,132.0,119.0,128.0,124.0,323.0,16.0,273.0,670.0,107.0,109.0,185.0,653.0,191.0,32.0,610.0,111.0,227.0,576.0,387.0,621.0,124.0,894.0,801.0,540.0,105.0,885.0,5.0,115.0,33.0,1251.49,171.545,263.0,153.93,2.9741,48.07,38.0,47.27,47.542,620.0,825.0,737.0,262.0,917.0,403.0,211.0,249.0,667.0,191.0,169.0,515.0,335.0,667.0,160.0,456.0,4.0,671.0,434.0,113.0,239.0,318.0,153.0,,111.0,979.0,101.0,103.0,105.0,98.0,61.0,974.0,99.0,872.0,23891.0,6.38
23,0.153764705005668,1.8316233824430501,7.1950671211566295,10.908620161418801,31.436397710378102,29.180458739717,36.1882330563263,60.5837856102975,95.0,100.0,927.0,917.0,113.0,104.0,904.0,95.0,958.0,65.0,505.0,117.0,105.0,118.0,11.0,3.0,160.0,274.0,62.0,997.0,840.0,1.0,632.0,181.0,284.0,620.0,109.0,221.0,550.0,351.0,616.0,112.0,873.0,702.0,541.0,100.0,864.0,525.0,109.0,42.0,1227.0,168.06400000000002,258.0,181.24,2.8478,57.93,44.0,50.61,57.309,6.0,826.0,758.0,25.0,92.0,427.0,204.0,248.0,643.0,185.0,158.0,523.0,352.0,658.0,159.0,461.0,473.0,653.0,449.0,104.0,241.0,318.0,174.0,,110.0,971.0,938.0,915.0,993.0,947.0,556.0,933.0,966.0,796.0,18233.0,6.31
24,0.23936601379046304,0.0256168829797247,0.365453019178779,0.0,0.0119217969213741,0.0011702127596165302,0.00533130239505216,1.46281654122033,108.0,10.0,994.0,102.0,121.0,120.0,105.0,108.0,10.0,596.0,806.0,125.0,112.0,124.0,131.0,364.0,171.0,311.0,697.0,10.0,933.0,197.0,716.0,206.0,297.0,741.0,125.0,219.0,589.0,373.0,616.0,115.0,855.0,146.0,542.0,114.0,960.0,591.0,124.0,4.0,1179.55,162.591,268.0,171.1,2.8006,55.79,39.0,47.78,54.47,628.0,823.0,751.0,253.0,910.0,454.0,20.0,253.0,624.0,176.0,154.0,52.0,350.0,679.0,158.0,454.0,476.0,643.0,45.0,100.0,239.0,314.0,180.0,,109.0,95.0,103.0,977.0,107.0,108.0,605.0,103.0,103.0,998.0,21469.0,6.57
25,3.48356862365104,4.63670454624218,6.43716442514986,1.28812402974265,1.26876039744607,0.415013299170049,1.48162985590243,16.6554909578936,106.0,103.0,978.0,103.0,107.0,109.0,108.0,106.0,107.0,384.0,907.0,123.0,110.0,123.0,132.0,363.0,197.0,337.0,690.0,100.0,952.0,191.0,700.0,201.0,276.0,780.0,113.0,224.0,575.0,377.0,613.0,122.0,862.0,152.0,539.0,111.0,937.0,525.0,121.0,45.0,1200.06,163.806,273.0,177.7,2.5795,59.39,4.0,54.44,54.888000000000005,614.0,823.0,726.0,245.0,919.0,472.0,204.0,253.0,654.0,180.0,16.0,525.0,334.0,700.0,157.0,449.0,473.0,649.0,447.0,931.0,245.0,335.0,195.0,,107.0,934.0,99.0,960.0,101.0,103.0,570.0,989.0,994.0,966.0,23084.0,6.76
26,25.862888923694,5.890649353214481,6.855453008992113,6.081255806416499,6.59302829553105,1.94892287268576,10.0374562028861,61.400762185877895,105.0,101.0,105.0,101.0,984.0,10.0,109.0,105.0,105.0,295.0,758.0,132.0,119.0,131.0,130.0,337.0,204.0,328.0,69.0,937.0,101.0,192.0,68.0,199.0,2.0,757.0,106.0,221.0,57.0,378.0,616.0,125.0,86.0,15.0,54.0,111.0,932.0,458.0,120.0,49.0,1199.05,168.42700000000002,285.0,191.66,2.8383,64.56,46.0,59.27,47.106,607.0,821.0,675.0,24.0,923.0,419.0,202.0,250.0,652.0,185.0,161.0,512.0,326.0,717.0,157.0,439.0,470.0,679.0,441.0,941.0,249.0,345.0,179.0,,106.0,92.0,101.0,102.0,103.0,100.0,594.0,101.0,102.0,98.0,21184.0,7.31
27,0.29214379092422804,0.0804058437223558,0.378087247471831,6.0380310048197625,20.171464229036697,43.4005784696721,83.1205103293867,148.935749325025,103.0,994.0,106.0,100.0,924.0,979.0,108.0,103.0,103.0,251.0,572.0,134.0,120.0,128.0,128.0,318.0,201.0,298.0,685.0,100.0,100.0,187.0,654.0,213.0,297.0,724.0,102.0,223.0,568.0,376.0,609.0,124.0,87.0,152.0,545.0,109.0,931.0,475.0,119.0,513.0,1182.45,160.96200000000002,264.0,180.23,2.7692,62.34,43.0,59.8,38.966,629.0,821.0,638.0,239.0,942.0,397.0,191.0,248.0,619.0,18.0,159.0,518.0,32.0,724.0,158.0,402.0,470.0,701.0,444.0,920.0,251.0,353.0,237.0,,109.0,956.0,101.0,10.0,103.0,982.0,601.0,980.0,983.0,965.0,22632.0,7.69
28,0.000189542478206111,0.588051951937861,3.6548993205026603,10.4554573726284,45.714292892798795,159.279867091077,314.59753245973303,437.577273721227,99.0,953.0,953.0,9.0,917.0,972.0,102.0,990.0,997.0,20.0,545.0,120.0,107.0,127.0,126.0,316.0,180.0,280.0,696.0,103.0,102.0,183.0,676.0,213.0,309.0,752.0,10.0,2.0,578.0,377.0,613.0,123.0,875.0,11.0,548.0,10.0,938.0,548.0,114.0,49.0,1130.72,150.934,247.0,161.66,2.83,55.87,3.0,50.9,41.181999999999995,650.0,822.0,618.0,243.0,948.0,408.0,193.0,25.0,621.0,189.0,154.0,529.0,3.0,722.0,15.0,39.0,474.0,703.0,443.0,942.0,241.0,370.0,17.0,,111.0,97.0,991.0,957.0,105.0,101.0,616.0,98.0,990.0,967.0,22247.0,8.65
29,0.0,0.32571428240119604,4.88870805442558,33.1526356809823,117.69549912660601,255.274275074614,343.280204987944,386.83625306516296,101.0,924.0,905.0,949.0,916.0,949.0,108.0,101.0,102.0,167.0,541.0,114.0,100.0,135.0,121.0,3.0,172.0,254.0,663.0,957.0,901.0,187.0,682.0,208.0,334.0,775.0,989.0,228.0,582.0,381.0,61.0,122.0,878.0,153.0,553.0,106.0,949.0,479.0,116.0,41.0,1119.43,149.438,230.0,146.03,2.763,46.99,3.0,42.86,37.429,688.0,82.0,627.0,234.0,949.0,405.0,192.0,250.0,682.0,184.0,160.0,538.0,330.0,718.0,15.0,385.0,473.0,730.0,458.0,953.0,237.0,371.0,173.0,,116.0,10.0,951.0,92.0,102.0,958.0,607.0,100.0,996.0,106.0,24374.0,8.63
30,41.5970326859967,72.48303575949241,125.567953109741,203.59730254180698,312.226780261454,369.045837595108,378.380274113861,510.12726173105204,100.0,935.0,100.0,94.0,866.0,942.0,1.0,998.0,100.0,176.0,444.0,126.0,112.0,139.0,121.0,295.0,172.0,267.0,669.0,989.0,908.0,191.0,692.0,204.0,330.0,70.0,982.0,231.0,585.0,386.0,610.0,12.0,877.0,132.0,559.0,10496.0,948.0,476.0,11.0,35.0,1125.31,147.593,236.0,143.97,2.6461,47.24,35.0,45.45,45.435,691.0,830.0,634.0,237.0,934.0,411.0,187.0,253.0,756.0,181.0,151.0,535.0,355.0,731.0,156.0,428.0,471.0,742.0,464.0,936.0,223.0,377.0,318.0,,115.0,99.0,990.0,10.0,984.0,96.0,579.0,977.0,968.0,101.0,28669.0,8.56
31,104.82091502520001,149.163198099508,183.43013428041598,246.857612148551,318.056231087734,347.263357669749,341.105605195881,434.725994691676,106.0,102.0,106.0,100.0,100.0,967.0,111.0,106.0,10.0,249.0,560.0,134.0,119.0,155.0,128.0,331.0,170.0,303.0,702.0,99.0,892.0,197.0,79.0,217.0,345.0,805.0,100.0,233.0,621.0,409.0,609.0,123.0,879.0,156.0,562.0,111.0,963.0,623.0,122.0,34.0,1157.82,157.707,236.0,141.66,2.3152,48.12,35.0,46.2,45.273999999999994,685.0,83.0,641.0,239.0,919.0,415.0,191.0,239.0,795.0,187.0,148.0,535.0,358.0,743.0,155.0,434.0,470.0,750.0,464.0,897.0,224.0,381.0,279.0,,115.0,982.0,104.0,104.0,101.0,104.0,609.0,100.0,101.0,983.0,22887.0,8.33
32,16.393215684960403,48.6206006322588,80.2461073510599,118.26671322963001,138.59190529237802,142.94951452600202,167.853328353289,186.367609521831,109.0,104.0,103.0,101.0,109.0,100.0,11.0,109.0,110.0,28.0,571.0,130.0,115.0,154.0,129.0,332.0,1.0,318.0,702.0,956.0,967.0,192.0,805.0,218.0,358.0,872.0,10.0,24.0,62.0,4.0,615.0,135.0,904.0,156.0,564.0,115.0,10.0,473.0,125.0,32.0,1085.0,144.539,218.0,135.07,2.0775,44.42,33.0,42.7,43.07899999999999,704.0,835.0,651.0,243.0,917.0,451.0,194.0,24.0,767.0,187.0,147.0,532.0,371.0,754.0,158.0,480.0,46.0,735.0,444.0,930.0,229.0,383.0,36.0,,117.0,998.0,100.0,999.0,97.0,1.0,592.0,103.0,101.0,11.0,23727.0,7.13
33,40.068424862735206,57.6072402898367,91.4798993424281,117.399147311662,135.376297771435,119.415565267522,110.72101319045,113.12282948161301,114.0,116.0,113.0,105.0,129.0,127.0,107.0,112.0,114.0,391.0,413.0,143.0,127.0,160.0,13.0,325.0,189.0,346.0,708.0,111.0,109.0,183.0,764.0,240.0,369.0,106.0,133.0,244.0,628.0,435.0,640.0,130.0,911.0,115.0,567.0,118.0,119.0,575.0,131.0,31.0,1068.45,140.937,209.0,108.76,1.9228,37.72,25.0,37.23,38.824,704.0,842.0,699.0,230.0,915.0,426.0,201.0,250.0,740.0,182.0,149.0,547.0,369.0,757.0,162.0,522.0,462.0,709.0,446.0,906.0,235.0,38.0,273.0,,115.0,984.0,104.0,106.0,102.0,103.0,6209.0,134.0,133.0,141.0,29835.0,6.23
34,2.684032674611,10.9874999931856,20.3234899478071,24.1928837473078,17.1487687187465,26.582885638196398,52.954013716965704,104.420297090397,101.0,105.0,988.0,965.0,117.0,107.0,98.0,102.0,102.0,631.0,46.0,124.0,11.0,118.0,123.0,326.0,171.0,278.0,626.0,105.0,100.0,173.0,703.0,189.0,338.0,651.0,111.0,238.0,601.0,407.0,654.0,123.0,894.0,849.0,561.0,107.0,900.0,46.0,116.0,2.0,1098.21,140.707,202.0,95.45,2.2744,30.8,2.0,31.54,33.736999999999995,721.0,845.0,733.0,21.0,900.0,430.0,210.0,251.0,739.0,18.0,150.0,552.0,379.0,756.0,162.0,534.0,46.0,691.0,442.0,944.0,237.0,379.0,347.0,,116.0,985.0,968.0,945.0,107.0,966.0,618.0,100.0,100.0,984.0,25484.0,5.64
35,0.27273856163438803,0.2830844170280869,0.6887919481081151,0.410341083079345,0.513311147451178,20.054594385321305,71.4964813238232,103.072700465988,998.0,106.0,959.0,960.0,12.0,109.0,939.0,100.0,100.0,704.0,507.0,121.0,108.0,119.0,12.0,341.0,170.0,262.0,646.0,906.0,975.0,173.0,738.0,184.0,315.0,664.0,113.0,227.0,584.0,37.0,657.0,113.0,879.0,747.0,560.0,105.0,906.0,462.0,114.0,24.0,1201.16,151.238,208.0,99.37,1.9572,33.2,22.0,30.39,37.513000000000005,704.0,841.0,763.0,210.0,863.0,404.0,226.0,266.0,672.0,192.0,141.0,556.0,399.0,759.0,163.0,501.0,459.0,653.0,446.0,970.0,223.0,365.0,326.0,,113.0,96.0,966.0,926.0,10.0,988.0,597.0,997.0,101.0,941.0,21571.0,5.24
36,1.8409607810717,4.5459578030609675,10.9158221399224,12.815767415734198,13.094267895535099,16.9297606466893,30.3928484549889,44.215762273901795,111.0,112.0,103.0,104.0,124.0,122.0,109.0,111.0,112.0,64.0,658.0,131.0,118.0,1.0,132.0,360.0,173.0,304.0,739.0,105.0,10.0,200.0,774.0,206.0,323.0,750.0,127.0,226.0,613.0,381.0,650.0,115.0,875.0,155.0,562.0,117.0,985.0,541.0,127.0,3.0,1243.93,154.10299999999998,224.0,112.79,1.7044,39.07,25.0,37.77,45.266999999999996,682.0,836.0,756.0,215.0,868.0,425.0,230.0,26.0,656.0,205.0,144.0,545.0,409.0,738.0,161.0,454.0,452.0,646.0,433.0,956.0,222.0,355.0,262.0,,111.0,945.0,106.0,100.0,111.0,112.0,642.0,104.0,104.0,107.0,23053.0,5.47
37,0.258039215220492,0.0967207788822374,0.13214765029690598,0.00668217060120069,3.22605657027399,3.3356648981373,8.74428789363004,40.096589134029,106.0,10.0,926.0,990.0,106.0,110.0,111.0,107.0,108.0,379.0,628.0,116.0,104.0,126.0,126.0,339.0,176.0,336.0,7.0,906.0,891.0,187.0,770.0,202.0,303.0,78.0,114.0,228.0,590.0,38.0,640.0,122.0,885.0,161.0,561.0,11.0,959.0,411.0,122.0,3.0,1242.18,163.049,22.0,119.72,1.9033,42.25,28.0,40.96,45.69,669.0,837.0,73.0,220.0,86.0,425.0,222.0,259.0,686.0,195.0,149.0,548.0,399.0,760.0,162.0,41.0,462.0,666.0,424.0,911.0,217.0,367.0,237.0,,111.0,943.0,976.0,906.0,103.0,10.0,587.0,103.0,103.0,104.0,22401.0,5.86
38,1.41033986638744,0.17374999927925305,0.0568959731764891,0.0,0.464600666811978,15.188883002035,28.3148590815676,42.0458656355392,107.0,101.0,104.0,10.0,100.0,104.0,11.0,107.0,107.0,286.0,766.0,131.0,118.0,133.0,12.0,334.0,175.0,332.0,719.0,978.0,103.0,182.0,798.0,207.0,310.0,779.0,108.0,223.0,60.0,393.0,63.0,123.0,87.0,166.0,562.0,113.0,964.0,437.0,123.0,3.0,1256.37,168.449,213.0,137.41,1.9214,47.13,32.0,46.73,51.788000000000004,681.0,835.0,700.0,218.0,896.0,467.0,215.0,255.0,708.0,188.0,161.0,539.0,384.0,753.0,161.0,395.0,467.0,69.0,419.0,90.0,221.0,371.0,186.0,,112.0,961.0,101.0,100.0,106.0,100.0,62.0,103.0,102.0,108.0,24002.0,6.4
39,50.298012994044704,125.09568170448401,243.600235266973,257.698635556716,207.463394114261,162.56212753437902,145.580852970492,172.40320386073398,104.0,967.0,977.0,979.0,950.0,982.0,112.0,105.0,105.0,230.0,756.0,123.0,110.0,131.0,125.0,329.0,162.0,28.0,693.0,970.0,10.0,181.0,722.0,202.0,307.0,760.0,10.0,225.0,583.0,394.0,636.0,124.0,88.0,16.0,566.0,110.0,947.0,543.0,120.0,39.0,1276.22,172.52900000000002,210.0,145.84,2.5664,48.48,35.0,48.75,50.688,681.0,8.0,668.0,217.0,879.0,447.0,206.0,268.0,80.0,177.0,160.0,542.0,374.0,752.0,162.0,407.0,470.0,718.0,422.0,948.0,218.0,375.0,182.0,,112.0,962.0,971.0,954.0,107.0,964.0,618.0,991.0,987.0,10.0,23636.0,7.18
40,35.1235751488629,45.566655878896796,76.9460066948961,100.714759862146,98.05515813272129,106.415751421705,100.239999880068,89.530930196284,999.0,938.0,955.0,924.0,939.0,960.0,104.0,997.0,100.0,191.0,594.0,120.0,107.0,134.0,118.0,305.0,145.0,282.0,682.0,100.0,886.0,177.0,735.0,195.0,314.0,789.0,10.0,228.0,599.0,390.0,63.0,122.0,881.0,123.0,56.0,104.0,948.0,508.0,114.0,35.0,1339.86,200.143,22.0,133.4,2.7879,45.07,31.0,44.69,47.838,657.0,833.0,638.0,202.0,908.0,466.0,213.0,281.0,79.0,173.0,158.0,534.0,382.0,741.0,160.0,47.0,451.0,72.0,443.0,985.0,22.0,371.0,122.0,,108.0,923.0,966.0,95.0,109.0,952.0,624.0,102.0,101.0,10.0,22528.0,8.13
41,67.4780000284606,79.55605538170059,76.1176174279027,56.919612435037784,30.793410942677497,13.082566495353198,27.6971134838945,53.0155942902084,104.0,956.0,956.0,978.0,935.0,970.0,112.0,104.0,105.0,167.0,433.0,120.0,107.0,138.0,124.0,315.0,15.0,27.0,709.0,100.0,10.0,193.0,77.0,208.0,328.0,806.0,101.0,234.0,616.0,395.0,630.0,120.0,886.0,162.0,571.0,109.0,966.0,563.0,120.0,37.0,1338.48,195.19799999999998,215.0,137.74,2.7913,46.14,32.0,44.75,45.0,658.0,833.0,630.0,203.0,914.0,421.0,207.0,299.0,812.0,167.0,153.0,544.0,374.0,753.0,160.0,496.0,444.0,727.0,444.0,965.0,231.0,366.0,90.0,,109.0,932.0,993.0,957.0,105.0,101.0,615.0,101.0,990.0,111.0,24544.0,8.45
42,47.0058627879698,99.80681799603752,137.98837226509198,213.601643265125,227.318735487648,280.046795134849,289.689908529545,292.828023294454,101.0,925.0,970.0,94.0,877.0,965.0,107.0,100.0,10.0,178.0,342.0,122.0,10.0,140.0,120.0,296.0,152.0,292.0,69.0,98.0,950.0,189.0,724.0,205.0,311.0,734.0,100.0,23.0,604.0,39.0,629.0,118.0,88.0,141.0,575.0,106.0,967.0,662.0,116.0,36.0,1326.51,193.171,213.0,139.84,2.9689,46.19,3.0,45.2,49.803999999999995,668.0,837.0,632.0,200.0,921.0,425.0,220.0,294.0,792.0,160.0,151.0,549.0,377.0,750.0,162.0,483.0,441.0,731.0,455.0,107.0,229.0,36.0,44.0,,11.0,942.0,978.0,969.0,985.0,98.0,584.0,102.0,100.0,110.0,32377.0,8.84
43,0.23022222268255105,1.6956818150235502,19.5474329087508,35.6973178950853,67.8501413891994,154.264195576627,251.829885911324,336.484625606882,106.0,992.0,980.0,965.0,102.0,963.0,113.0,106.0,107.0,26.0,479.0,123.0,108.0,155.0,123.0,314.0,157.0,325.0,741.0,964.0,920.0,188.0,769.0,203.0,324.0,834.0,100.0,242.0,638.0,415.0,625.0,119.0,887.0,163.0,577.0,111.0,974.0,698.0,122.0,3.0,1265.78,176.618,214.0,154.14,2.9506,49.73,36.0,49.89,57.976000000000006,663.0,839.0,648.0,205.0,925.0,384.0,227.0,272.0,800.0,156.0,156.0,555.0,374.0,735.0,164.0,455.0,450.0,723.0,445.0,107.0,226.0,374.0,75.0,,108.0,931.0,985.0,973.0,101.0,990.0,594.0,103.0,101.0,110.0,25552.0,8.7
44,0.0,0.0358603897069085,1.06697986523102,3.0909612439630596,18.7369966790725,45.646801890210895,74.49930701942179,119.11441859163999,111.0,105.0,103.0,100.0,11.0,104.0,11.0,111.0,112.0,319.0,55.0,130.0,115.0,15.0,128.0,33.0,166.0,345.0,746.0,101.0,821.0,203.0,76.0,22.0,338.0,898.0,108.0,254.0,643.0,460.0,627.0,132.0,916.0,161.0,577.0,11.0,103.0,600.0,128.0,34.0,1234.09,173.21900000000002,2.0,141.94,2.5009,46.44,33.0,45.57,53.75,666.0,846.0,678.0,203.0,906.0,437.0,239.0,263.0,776.0,155.0,150.0,560.0,366.0,704.0,167.0,495.0,455.0,742.0,458.0,116.0,240.0,375.0,76.0,,107.0,916.0,102.0,100.0,105.0,103.0,600.0,10.0,102.0,128.0,28730.0,8.28
45,9.931490192367553,35.0525162467709,58.7169296597474,70.6118604379107,96.2868303689306,142.91821137895,162.821500361284,177.90501280594899,115.0,115.0,107.0,104.0,131.0,130.0,108.0,113.0,115.0,418.0,437.0,135.0,120.0,150.0,133.0,336.0,175.0,368.0,766.0,107.0,101.0,191.0,730.0,241.0,353.0,107.0,136.0,252.0,649.0,453.0,642.0,128.0,92.0,120.0,577.0,119.0,121.0,546.0,132.0,4.0,1151.0,163.637,257.0,160.42,3.5818,54.07,38.0,52.01,64.081,667.0,850.0,722.0,203.0,90.0,460.0,240.0,258.0,733.0,160.0,150.0,556.0,369.0,713.0,168.0,492.0,460.0,725.0,452.0,109.0,241.0,382.0,108.0,,10.0,914.0,104.0,103.0,108.0,10.0,6309.0,140.0,136.0,154.0,31662.0,8.03
46,2.3651372489440297,4.41784091189794,5.973624159300691,6.39207751479491,15.1670049957547,26.6975465274238,62.4570677903256,97.5963952633762,102.0,105.0,942.0,975.0,118.0,110.0,994.0,102.0,103.0,622.0,420.0,118.0,107.0,114.0,124.0,331.0,165.0,30.0,680.0,101.0,111.0,172.0,662.0,192.0,351.0,667.0,115.0,241.0,610.0,420.0,645.0,119.0,916.0,881.0,568.0,107.0,932.0,658.0,117.0,4.0,1194.37,168.87900000000002,260.0,158.74,3.2608,54.89,38.0,52.51,75.888,661.0,853.0,753.0,202.0,874.0,481.0,24.0,261.0,746.0,160.0,161.0,561.0,388.0,730.0,169.0,492.0,453.0,703.0,448.0,109.0,248.0,363.0,100.0,,105.0,916.0,95.0,915.0,111.0,967.0,638.0,104.0,101.0,115.0,27308.0,8.21
47,6.01689541918025,30.9171266509341,26.0644463085688,14.030620133322305,21.620757080949307,62.774494758311704,101.805994000402,145.72228716079,97.0,100.0,795.0,920.0,121.0,107.0,938.0,977.0,996.0,678.0,715.0,100.0,894.0,109.0,117.0,323.0,15.0,284.0,656.0,928.0,953.0,157.0,663.0,178.0,316.0,656.0,1118.0,23.0,570.0,375.0,641.0,110.0,899.0,772.0,566.0,102.0,915.0,464.0,112.0,40.0,1234.97,17.921,26.0,160.84,2.8233,55.49,39.0,53.4,77.07600000000001,6.0,848.0,764.0,19.0,886.0,472.0,236.0,242.0,75.0,167.0,167.0,555.0,394.0,736.0,167.0,47.0,464.0,660.0,452.0,101.0,248.0,360.0,107.0,,103.0,901.0,876.0,780.0,10.0,937.0,570.0,100.0,984.0,106.0,23805.0,8.1
48,1.20200653461119,0.6074188315043489,1.06052014064169,1.12601550439474,4.04841930618953,18.5676994773936,40.55172892190621,99.87198944978941,111.0,107.0,811.0,105.0,12.0,126.0,109.0,110.0,113.0,609.0,125.0,102.0,898.0,123.0,134.0,398.0,164.0,339.0,737.0,962.0,963.0,189.0,742.0,212.0,327.0,741.0,13.0,228.0,620.0,382.0,635.0,110.0,894.0,160.0,570.0,116.0,103.0,800.0,127.0,40.0,1231.39,176.262,264.0,150.01,2.8875,51.97,36.0,49.58,61.902,661.0,848.0,752.0,202.0,892.0,434.0,225.0,242.0,816.0,164.0,169.0,56.0,416.0,750.0,164.0,49.0,458.0,658.0,461.0,10.0,246.0,350.0,163.0,,106.0,923.0,972.0,787.0,11.0,112.0,614.0,113.0,108.0,130.0,29639.0,8.23
49,4.44050980394864,5.57404220805733,14.673758399916599,14.810279091846096,13.7531863641871,31.6418816512252,71.6128711874759,121.597545352709,106.0,980.0,917.0,946.0,10.0,10.0,112.0,106.0,107.0,367.0,910.0,115.0,103.0,120.0,120.0,34.0,155.0,322.0,626.0,920.0,856.0,174.0,669.0,193.0,305.0,742.0,113.0,234.0,587.0,396.0,622.0,119.0,897.0,165.0,572.0,111.0,948.0,44.0,121.0,42.0,1271.25,180.708,258.0,155.75,3.082,52.98,37.0,51.06,65.125,655.0,849.0,734.0,209.0,920.0,441.0,21.0,252.0,808.0,166.0,164.0,549.0,394.0,744.0,164.0,475.0,478.0,683.0,464.0,107.0,247.0,343.0,236.0,,106.0,919.0,928.0,877.0,103.0,95.0,579.0,103.0,101.0,11.0,24675.0,8.6
50,0.0364183008402976,0.17797077872923395,3.02855704406326,11.853612389352,27.7734692160183,41.55869679501721,74.01296275096,94.5716021190318,108.0,101.0,100.0,104.0,999.0,111.0,113.0,108.0,109.0,290.0,816.0,127.0,11.0,115.0,133.0,381.0,157.0,345.0,699.0,102.0,105.0,189.0,70.0,216.0,325.0,733.0,115.0,227.0,604.0,406.0,628.0,120.0,900.0,16.0,575.0,114.0,101.0,465.0,125.0,40.0,1245.79,167.924,253.0,147.8,3.1248,50.87,35.0,48.5,64.083,671.0,853.0,701.0,214.0,933.0,457.0,225.0,257.0,769.0,161.0,176.0,55.0,385.0,735.0,165.0,46.0,481.0,71.0,468.0,105.0,252.0,343.0,21.0,,109.0,941.0,100.0,942.0,109.0,103.0,628.0,11.0,10.0,132.0,29910.0,9.26
51,0.652686273765574,7.64766230130592,38.1025334945411,54.9472402971844,61.53374369965611,71.245744717882,110.45553693749599,174.955452172331,105.0,951.0,971.0,976.0,921.0,102.0,113.0,10.0,106.0,231.0,68.0,122.0,111.0,112.0,124.0,334.0,144.0,283.0,670.0,100.0,107.0,180.0,677.0,212.0,325.0,694.0,107.0,233.0,590.0,410.0,635.0,121.0,904.0,169.0,579.0,111.0,990.0,57.0,121.0,37.0,1260.06,169.355,258.0,138.49,2.9410000000000003,46.89,32.0,45.17,59.233000000000004,665.0,852.0,655.0,215.0,950.0,476.0,222.0,272.0,759.0,159.0,180.0,536.0,366.0,722.0,165.0,476.0,497.0,737.0,475.0,104.0,252.0,347.0,215.0,,108.0,939.0,956.0,926.0,108.0,956.0,621.0,103.0,100.0,116.0,27326.0,10.45
52,137.975549003501,127.865016287023,118.52947998686899,156.639922575248,140.208668970625,167.463038419155,172.49256674424404,270.70660199305803,102.0,957.0,100.0,958.0,927.0,997.0,106.0,101.0,102.0,192.0,697.0,1.0,114.0,128.0,122.0,327.0,139.0,258.0,706.0,991.0,996.0,180.0,697.0,208.0,343.0,726.0,103.0,233.0,616.0,404.0,643.0,122.0,91.0,125.0,578.0,10.0,980.0,493.0,117.0,40.0,1237.55,162.113,271.0,148.77,2.958,48.69,35.0,46.65,65.545,658.0,85.0,642.0,212.0,92.0,438.0,219.0,287.0,799.0,157.0,178.0,550.0,367.0,715.0,166.0,504.0,480.0,75.0,484.0,102.0,260.0,359.0,223.0,,107.0,931.0,990.0,983.0,110.0,971.0,640.0,106.0,103.0,122.0,28092.0,11.7
53,56.6655359976237,102.61964293269399,116.962030103543,210.423225047976,313.703660187428,321.58393604197397,317.923915040829,376.987441661746,10.0,979.0,104.0,100.0,917.0,100.0,113.0,10.0,106.0,16.0,564.0,132.0,118.0,136.0,127.0,340.0,143.0,281.0,72.0,103.0,104.0,192.0,701.0,223.0,344.0,75.0,104.0,239.0,632.0,405.0,644.0,119.0,909.0,16.0,580.0,112.0,100.0,613.0,122.0,43.0,1284.3,169.555,293.0,160.21,2.884,51.37,37.0,48.03,75.876,644.0,857.0,64.0,203.0,909.0,440.0,235.0,279.0,883.0,166.0,166.0,55.0,367.0,709.0,166.0,557.0,477.0,770.0,498.0,104.0,259.0,370.0,219.0,,106.0,92.0,103.0,103.0,11.0,101.0,643.0,108.0,101.0,136.0,35354.0,12.02
54,5.75417647103055,34.7345292828735,52.4967281810389,91.16651144101641,118.73910156224599,155.942872326425,180.137113566809,238.171110887552,102.0,933.0,102.0,952.0,859.0,985.0,10.0,102.0,102.0,178.0,504.0,129.0,116.0,131.0,121.0,31.0,146.0,287.0,644.0,996.0,109.0,174.0,668.0,205.0,320.0,686.0,10.0,242.0,615.0,407.0,643.0,119.0,915.0,143.0,584.0,10.0,992.0,478.0,11.0,45.0,1315.39,174.435,29.0,177.12,2.9639,55.16,4.0,49.83,88.72,625.0,861.0,651.0,197.0,90.0,441.0,227.0,27.0,881.0,163.0,166.0,565.0,379.0,705.0,169.0,537.0,47.0,76.0,494.0,104.0,273.0,378.0,247.0,,104.0,908.0,984.0,101.0,101.0,946.0,598.0,106.0,103.0,122.0,35461.0,12.37
55,18.8339542448667,50.5333441598462,80.2882885044853,166.62404627837,244.180041397272,350.613882967766,358.73345756676,487.91868133939204,109.0,103.0,108.0,100.0,103.0,101.0,115.0,109.0,109.0,271.0,636.0,137.0,122.0,147.0,127.0,34.0,151.0,334.0,743.0,913.0,102.0,181.0,73.0,222.0,347.0,805.0,105.0,247.0,646.0,435.0,631.0,11.0,925.0,167.0,586.0,11.0,10.0,536.0,125.0,4.0,1280.95,169.517,308.0,175.35,2.8638,57.62,4.0,51.56,93.939,6.0,862.0,659.0,190.0,936.0,488.0,246.0,273.0,848.0,168.0,155.0,560.0,376.0,701.0,167.0,503.0,484.0,768.0,48.0,107.0,269.0,377.0,193.0,,1.0,901.0,102.0,106.0,102.0,989.0,619.0,107.0,103.0,124.0,30114.0,12.07
56,6.944725484924481,18.292646072127603,37.6084396375106,58.35031007574511,96.10214636131451,108.626023804888,115.41362528862699,146.092157782818,114.0,107.0,104.0,105.0,112.0,10.0,119.0,114.0,115.0,324.0,593.0,131.0,117.0,143.0,134.0,358.0,165.0,346.0,720.0,946.0,9.0,204.0,773.0,243.0,35.0,88.0,114.0,260.0,654.0,487.0,634.0,131.0,955.0,167.0,586.0,120.0,108.0,733.0,13.0,46.0,1281.99,169.878,309.0,184.86,3.09,62.57,44.0,56.65,98.27,633.0,871.0,667.0,199.0,959.0,517.0,235.0,286.0,840.0,171.0,160.0,569.0,393.0,714.0,167.0,465.0,473.0,783.0,472.0,112.0,26.0,380.0,355.0,,104.0,908.0,104.0,103.0,101.0,106.0,61.0,113.0,106.0,146.0,34458.0,11.41
57,2.51963398239508,24.5400487025837,43.9033892906752,62.832868147266,96.31376852965393,176.157460197489,232.400030584982,313.30574903069197,117.0,117.0,109.0,105.0,133.0,135.0,111.0,115.0,118.0,422.0,484.0,137.0,123.0,144.0,13.0,34.0,177.0,355.0,730.0,100.0,107.0,187.0,704.0,251.0,370.0,10.0,141.0,260.0,655.0,479.0,653.0,127.0,956.0,125.0,586.0,121.0,126.0,703.0,135.0,44.0,1266.57,161.91899999999998,308.0,186.51,2.8198,64.21,46.0,57.94,95.758,636.0,876.0,724.0,205.0,942.0,499.0,240.0,291.0,880.0,171.0,161.0,581.0,403.0,711.0,164.0,48.0,483.0,777.0,469.0,10.0,28.0,370.0,416.0,,105.0,917.0,104.0,106.0,10.0,101.0,65.0,147.0,140.0,175.0,34758.0,10.59
58,0.43918300611301797,3.27545454770073,12.5101342002874,30.157860447639603,50.46612312313721,59.0208975786858,59.9932521985672,77.830620218617,106.0,109.0,980.0,104.0,121.0,119.0,102.0,106.0,107.0,633.0,432.0,123.0,111.0,118.0,133.0,374.0,16.0,328.0,718.0,105.0,109.0,17.0,658.0,21.0,369.0,681.0,124.0,251.0,631.0,4.0,665.0,121.0,947.0,930.0,574.0,112.0,977.0,536.0,122.0,49.0,1331.94,17.162,321.0,199.66,3.5435,68.99,49.0,63.67,90.09700000000001,605.0,879.0,765.0,223.0,951.0,461.0,220.0,285.0,83.0,165.0,166.0,576.0,411.0,726.0,164.0,488.0,475.0,757.0,46.0,110.0,277.0,380.0,490.0,,101.0,884.0,996.0,963.0,112.0,999.0,657.0,110.0,104.0,135.0,35322.0,9.86
59,0.23628758032337505,0.0904220775035875,1.79453020246899,6.81803100959275,2.5203910194718597,14.7535372256163,51.4980882759414,117.231446850207,102.0,106.0,953.0,957.0,123.0,113.0,969.0,102.0,103.0,699.0,502.0,120.0,108.0,113.0,122.0,332.0,163.0,319.0,69.0,969.0,982.0,160.0,653.0,196.0,333.0,670.0,11.0,244.0,596.0,390.0,66.0,112.0,926.0,817.0,573.0,107.0,949.0,648.0,117.0,46.0,1331.74,166.075,317.0,189.74,2.6721,65.42,45.0,62.17,83.501,596.0,878.0,789.0,218.0,937.0,414.0,222.0,275.0,892.0,167.0,173.0,579.0,434.0,727.0,165.0,473.0,477.0,722.0,474.0,104.0,281.0,365.0,359.0,,1.0,882.0,963.0,929.0,105.0,976.0,602.0,104.0,101.0,117.0,29427.0,10.04
60,2.54989542289229,2.8417207621425002,6.00555370139246,1.59302325877975,6.077337766273838,23.3109907263771,42.3490403587366,77.757080275267,116.0,115.0,106.0,107.0,130.0,129.0,114.0,116.0,117.0,62.0,107.0,134.0,122.0,123.0,136.0,384.0,174.0,346.0,73.0,930.0,112.0,191.0,718.0,227.0,352.0,763.0,134.0,240.0,635.0,398.0,677.0,114.0,925.0,168.0,575.0,122.0,10.0,60.0,13.0,47.0,1326.46,164.778,308.0,188.67,2.7,66.45,45.0,62.76,79.043,603.0,875.0,768.0,227.0,940.0,443.0,227.0,283.0,867.0,170.0,183.0,570.0,427.0,731.0,164.0,461.0,465.0,723.0,474.0,104.0,265.0,3.0,231.0,,101.0,888.0,10.0,101.0,112.0,109.0,654.0,118.0,111.0,14.0,33355.0,10.95
61,2.29345097637011,0.473230523178233,2.20317114333641,4.8353333432082986,11.398818651372302,16.520212768874302,25.8814470609998,30.677002564265102,113.0,107.0,985.0,10.0,112.0,118.0,1.0,113.0,114.0,403.0,93.0,124.0,112.0,114.0,138.0,37.0,194.0,370.0,725.0,1.0,107.0,19.0,717.0,227.0,33.0,771.0,123.0,244.0,612.0,419.0,668.0,124.0,932.0,174.0,577.0,119.0,100.0,594.0,130.0,51.0,1335.07,16.634,310.0,202.98,2.7969999999999997,71.63,5.0,66.32,82.258,600.0,878.0,743.0,213.0,906.0,408.0,239.0,310.0,918.0,170.0,175.0,60.0,430.0,71.0,165.0,452.0,464.0,754.0,478.0,104.0,276.0,353.0,202.0,,100.0,884.0,993.0,913.0,105.0,105.0,613.0,111.0,104.0,139.0,35470.0,12.37
62,0.0833333334392485,1.5011525971258601,3.83914430114447,17.9000465452209,41.1661397557885,87.3818485407119,144.213396774025,250.52572298666,113.0,107.0,108.0,109.0,103.0,114.0,118.0,113.0,114.0,294.0,888.0,137.0,125.0,121.0,139.0,389.0,19.0,338.0,723.0,107.0,948.0,188.0,70.0,231.0,341.0,757.0,119.0,236.0,625.0,421.0,678.0,126.0,936.0,176.0,5.0,119.0,105.0,711.0,130.0,55.0,1303.4,164.718,309.0,218.12,2.8073,76.65,53.0,69.98,91.29700000000001,626.0,876.0,699.0,217.0,891.0,41.0,226.0,321.0,868.0,168.0,174.0,598.0,43.0,726.0,164.0,499.0,464.0,786.0,497.0,106.0,271.0,354.0,22.0,,102.0,902.0,103.0,994.0,111.0,10.0,650.0,11.0,106.0,146.0,35328.0,15.56
63,0.7929934637730609,0.9266883135628101,13.148741609398199,24.4216589521068,80.9553410503114,136.480086476245,185.776047258457,256.04032274980597,110.0,1.0,103.0,105.0,959.0,107.0,117.0,110.0,111.0,233.0,694.0,13.0,118.0,120.0,135.0,364.0,182.0,308.0,731.0,104.0,103.0,191.0,70.0,227.0,341.0,732.0,112.0,236.0,611.0,421.0,678.0,124.0,942.0,174.0,584.0,116.0,103.0,707.0,127.0,52.0,1280.33,165.09400000000002,315.0,210.21,2.9705,75.19,5.0,67.52,88.04299999999999,63.0,875.0,65.0,210.0,899.0,410.0,230.0,328.0,896.0,166.0,174.0,598.0,442.0,736.0,16.0,479.0,477.0,78.0,49.0,113.0,268.0,35.0,271.0,,102.0,904.0,100.0,951.0,111.0,103.0,654.0,111.0,105.0,13.0,33228.0,16.69
64,8.6255751657111,31.905860354374,43.6559731400253,68.4101860253386,100.79733770500602,178.076276591484,211.32386880890598,221.953682054229,10.0,100.0,105.0,100.0,963.0,10.0,109.0,105.0,105.0,189.0,692.0,133.0,120.0,124.0,128.0,343.0,155.0,265.0,726.0,105.0,105.0,185.0,70.0,213.0,361.0,763.0,105.0,237.0,625.0,413.0,67.0,12.0,945.0,131.0,584.0,110.0,100.0,672.0,121.0,53.0,1237.8,157.226,283.0,209.58,2.8279,74.44,52.0,70.84,93.88799999999999,652.0,870.0,632.0,220.0,907.0,432.0,217.0,302.0,82.0,16.0,178.0,58.0,451.0,750.0,161.0,439.0,472.0,79.0,498.0,109.0,274.0,354.0,179.0,,103.0,914.0,998.0,100.0,112.0,963.0,668.0,106.0,101.0,131.0,31285.0,18.72
65,42.6826405095119,64.7041558476238,68.406946207853,111.368930148339,149.527878480426,205.793430609906,279.012086599543,339.021757101212,109.0,994.0,101.0,1.0,931.0,106.0,117.0,109.0,110.0,167.0,618.0,127.0,114.0,135.0,134.0,352.0,155.0,282.0,761.0,10.0,113.0,205.0,753.0,229.0,341.0,771.0,110.0,240.0,648.0,417.0,686.0,120.0,945.0,17.0,585.0,11.0,104.0,515.0,12.0,53.0,1200.36,149.571,273.0,211.37,2.9677,73.13,5.0,67.99,97.45200000000001,656.0,870.0,641.0,216.0,918.0,423.0,216.0,293.0,827.0,163.0,166.0,589.0,452.0,742.0,164.0,388.0,470.0,788.0,489.0,113.0,27.0,359.0,144.0,,102.0,911.0,102.0,983.0,108.0,105.0,654.0,113.0,103.0,15.0,38729.0,18.5
66,28.2687319987545,70.4168343048591,93.56958061576692,125.21827912441499,125.304176098892,146.374581063047,155.946572843437,209.880555303214,109.0,994.0,101.0,1.0,931.0,106.0,117.0,109.0,110.0,167.0,618.0,127.0,114.0,135.0,134.0,352.0,155.0,282.0,761.0,10.0,113.0,205.0,753.0,229.0,341.0,771.0,110.0,240.0,648.0,417.0,686.0,120.0,945.0,17.0,585.0,11.0,104.0,515.0,12.0,53.0,1200.36,149.571,273.0,211.37,2.9677,73.13,5.0,67.99,97.45200000000001,656.0,870.0,641.0,216.0,918.0,423.0,216.0,293.0,827.0,163.0,166.0,589.0,452.0,742.0,164.0,388.0,470.0,788.0,489.0,113.0,27.0,359.0,144.0,,102.0,911.0,102.0,983.0,108.0,105.0,654.0,113.0,103.0,15.0,38729.0,19.1
67,2.2314705899192204,17.7254707704891,34.2410066751826,47.779007780089906,84.133976693558,143.22553182662799,196.384500990183,328.763527231931,105.0,935.0,102.0,935.0,861.0,992.0,113.0,104.0,105.0,167.0,498.0,129.0,115.0,14.0,119.0,301.0,155.0,252.0,640.0,101.0,104.0,178.0,633.0,198.0,33.0,69.0,10.0,245.0,63.0,422.0,676.0,122.0,951.0,150.0,592.0,109.0,101.0,543.0,120.0,53.0,1198.15,142.57299999999998,273.0,220.79,2.9767,78.86,56.0,70.21,105.685,680.0,871.0,644.0,211.0,90.0,490.0,207.0,286.0,87.0,170.0,174.0,583.0,439.0,742.0,166.0,434.0,469.0,795.0,497.0,11.0,28.0,348.0,66.0,,104.0,934.0,95.0,100.0,100.0,898.0,605.0,108.0,102.0,133.0,39263.0,18.75
68,2.29636601269781,26.853555279892802,79.45661076283301,110.891984558105,193.043801817045,242.892686610526,253.34603953307004,292.924587121614,11.0,105.0,992.0,109.0,107.0,109.0,119.0,113.0,115.0,276.0,704.0,125.0,110.0,149.0,140.0,380.0,16.0,328.0,811.0,103.0,10.0,211.0,809.0,239.0,370.0,821.0,11.0,252.0,683.0,446.0,679.0,121.0,956.0,175.0,593.0,119.0,105.0,654.0,130.0,52.0,1215.33,145.621,281.0,228.2,3.2883,80.47,5.0,70.75,95.87100000000001,676.0,877.0,649.0,208.0,911.0,508.0,223.0,284.0,910.0,168.0,174.0,581.0,44.0,746.0,167.0,463.0,474.0,795.0,506.0,108.0,28.0,348.0,67.0,,104.0,931.0,104.0,100.0,103.0,108.0,635.0,116.0,107.0,152.0,37132.0,16.92
69,14.5456405433966,9.06365260118981,38.33671132305121,73.20984483467521,95.09376884657208,139.626615656183,163.596991696616,216.85704170641003,117.0,111.0,110.0,106.0,116.0,109.0,123.0,11.0,118.0,326.0,669.0,139.0,124.0,143.0,135.0,36.0,177.0,315.0,738.0,102.0,91.0,205.0,731.0,24.0,37.0,902.0,113.0,268.0,679.0,494.0,685.0,134.0,99.0,176.0,594.0,123.0,110.0,67.0,135.0,40.0,1221.01,143.611,280.0,196.16,4.1158,65.17,49.0,56.67,74.55,677.0,882.0,674.0,210.0,886.0,533.0,221.0,290.0,881.0,1.0,177.0,593.0,438.0,759.0,169.0,48.0,47.0,787.0,508.0,11.0,280.0,353.0,77.0,,1.0,923.0,106.0,110.0,102.0,103.0,627.0,11.0,106.0,140.0,33518.0,15.47
70,1.05261437987872,2.5005194794797903,10.849798643236499,21.831472857238694,54.058028356009395,106.914740729839,144.556915364552,197.28914726119305,121.0,121.0,113.0,110.0,136.0,137.0,115.0,119.0,122.0,436.0,494.0,142.0,128.0,140.0,140.0,362.0,191.0,332.0,732.0,110.0,113.0,195.0,700.0,253.0,37.0,110.0,143.0,266.0,681.0,483.0,705.0,130.0,997.0,131.0,594.0,12.0,129.0,587.0,139.0,3.0,1252.71,147.472,276.0,168.53,4.0744,56.46,41.0,48.95,68.001,681.0,891.0,721.0,216.0,887.0,471.0,235.0,282.0,827.0,169.0,179.0,595.0,442.0,769.0,168.0,465.0,49.0,78.0,521.0,121.0,277.0,358.0,111.0,,104.0,927.0,107.0,111.0,108.0,104.0,649.0,150.0,142.0,181.0,34981.0,14.71
71,0.862222222180343,3.73779221189317,9.46812079817169,4.59040310265309,7.16955906552063,32.4940691744076,53.8976846275126,86.9542635639201,108.0,108.0,941.0,106.0,12.0,121.0,10.0,108.0,110.0,631.0,487.0,118.0,108.0,106.0,13.0,368.0,169.0,296.0,732.0,106.0,124.0,191.0,689.0,225.0,36.0,696.0,126.0,256.0,657.0,450.0,71.0,124.0,982.0,967.0,585.0,114.0,100.0,692.0,124.0,35.0,1292.73,156.158,269.0,178.19,3.0795,59.27,4.0,51.52,66.559,677.0,89.0,760.0,219.0,888.0,463.0,234.0,276.0,816.0,182.0,178.0,576.0,442.0,743.0,170.0,416.0,492.0,775.0,516.0,136.0,278.0,352.0,276.0,,105.0,931.0,99.0,91.0,113.0,103.0,6542.0,109.0,104.0,13.0,36543.0,14.69
72,2.16419607815059,1.10743506227971,3.04612416347439,4.79491472576073,15.183144743386901,38.651017314259,41.3813861329775,37.415219698765505,103.0,103.0,870.0,981.0,121.0,115.0,100.0,103.0,105.0,682.0,582.0,109.0,100.0,973.0,125.0,345.0,163.0,281.0,652.0,968.0,109.0,172.0,616.0,202.0,324.0,693.0,120.0,248.0,621.0,397.0,723.0,116.0,961.0,850.0,584.0,108.0,97.0,47.0,118.0,40.0,1319.29,158.016,284.0,190.54,2.7161,64.13,47.0,54.95,67.067,6.0,890.0,766.0,223.0,922.0,474.0,238.0,289.0,862.0,178.0,172.0,550.0,433.0,758.0,167.0,408.0,489.0,753.0,522.0,124.0,278.0,352.0,269.0,,1.0,909.0,924.0,832.0,106.0,983.0,5982.0,104.0,101.0,118.0,27912.0,14.84
73,1.05717647137133,0.49258116956848597,2.50436241219395,0.48922480986157596,2.80378536541734,11.9700465584768,20.8293678716949,31.649173115575,118.0,11.0,10.0,107.0,128.0,130.0,118.0,11.0,119.0,604.0,989.0,1.0,116.0,11.0,137.0,398.0,168.0,320.0,722.0,973.0,114.0,191.0,712.0,23.0,345.0,794.0,136.0,245.0,656.0,401.0,7.0,119.0,959.0,174.0,588.0,124.0,110.0,683.0,135.0,47.0,1300.8,152.875,292.0,194.13,2.9372,66.41,47.0,58.15,66.774,667.0,887.0,746.0,228.0,926.0,54.0,236.0,294.0,857.0,181.0,160.0,548.0,446.0,752.0,166.0,371.0,486.0,749.0,51.0,131.0,286.0,341.0,262.0,,103.0,920.0,104.0,953.0,113.0,111.0,6625.0,119.0,113.0,146.0,30199.0,16.32
74,0.301111110125735,2.63392857619404,3.3578523517236296,3.2850697710763597,1.7795091539206105,17.9420412276733,37.669306949723,62.0757363353897,115.0,106.0,981.0,10.0,112.0,119.0,121.0,115.0,117.0,380.0,10.0,12.0,112.0,115.0,136.0,368.0,178.0,328.0,731.0,102.0,112.0,195.0,662.0,236.0,321.0,806.0,124.0,252.0,644.0,418.0,712.0,126.0,970.0,181.0,59.0,121.0,103.0,523.0,132.0,5.0,1285.75,150.46200000000002,292.0,201.02,2.6525,71.2,495.0,63.87,64.36399999999999,667.0,891.0,708.0,236.0,919.0,52.0,235.0,297.0,873.0,178.0,164.0,568.0,430.0,760.0,169.0,477.0,490.0,77.0,518.0,122.0,280.0,343.0,236.0,,102.0,918.0,999.0,932.0,108.0,104.0,6190.0,110.0,104.0,136.0,32716.0,19.32
75,5.9130719017699995,8.77769480746046,6.953859051786388,7.04727132077827,8.875549072768552,18.788404243225397,46.4839756437957,106.38387599718399,11.0,106.0,104.0,110.0,10.0,11.0,122.0,116.0,117.0,285.0,863.0,131.0,120.0,113.0,140.0,374.0,177.0,317.0,721.0,107.0,127.0,205.0,676.0,240.0,341.0,791.0,121.0,245.0,645.0,425.0,711.0,129.0,973.0,185.0,596.0,122.0,109.0,587.0,133.0,4.0,1284.07,146.421,273.0,198.46,2.6322,70.53,49.0,60.84,57.965,69.0,892.0,672.0,236.0,880.0,492.0,221.0,292.0,862.0,177.0,165.0,574.0,437.0,761.0,17.0,50.0,49.0,814.0,518.0,123.0,270.0,359.0,196.0,,104.0,936.0,103.0,979.0,109.0,107.0,6578.0,118.0,110.0,152.0,31204.0,20.02
76,11.182339870248,24.809253251397802,45.925805287073096,91.0927131475404,201.74084013750092,261.04160202310396,252.16398294627498,298.521356370714,112.0,101.0,101.0,1.0,100.0,106.0,120.0,112.0,113.0,224.0,765.0,127.0,115.0,121.0,131.0,349.0,167.0,266.0,69.0,10.0,115.0,18.0,652.0,231.0,355.0,77.0,110.0,250.0,637.0,427.0,714.0,130.0,97.0,173.0,600.0,117.0,104.0,406.0,128.0,45.0,1361.8,150.389,266.0,180.46,2.3965,63.3,44.0,54.68,44.839,692.0,892.0,638.0,238.0,87.0,447.0,225.0,30.0,790.0,173.0,162.0,559.0,442.0,75.0,175.0,540.0,515.0,824.0,534.0,120.0,252.0,367.0,176.0,,1.0,940.0,972.0,945.0,107.0,976.0,6448.0,110.0,105.0,13.0,28446.0,22.45
77,18.4063333458468,58.8495129486183,82.64095624181249,139.83382962249,204.119475734412,373.398517446315,386.013137491986,418.001731202276,108.0,10.0,102.0,105.0,100.0,103.0,113.0,108.0,109.0,197.0,77.0,129.0,116.0,132.0,135.0,365.0,152.0,249.0,72.0,106.0,118.0,200.0,718.0,234.0,349.0,810.0,108.0,253.0,660.0,427.0,713.0,128.0,97.0,133.0,600.0,114.0,103.0,529.0,125.0,48.0,1415.69,157.69899999999998,269.0,187.43,2.3647,64.0,46.0,57.52,48.75,686.0,891.0,629.0,234.0,851.0,460.0,225.0,291.0,754.0,169.0,154.0,565.0,451.0,766.0,174.0,507.0,540.0,824.0,551.0,129.0,25.0,348.0,127.0,,105.0,937.0,101.0,976.0,111.0,102.0,6796.0,109.0,103.0,130.0,31474.0,22.87
78,3.3798039216523903,9.989139628149081,21.203070496327697,37.600418618668,76.7168634830418,199.795911007739,345.452879331172,461.961201985677,113.0,103.0,106.0,105.0,984.0,106.0,122.0,113.0,114.0,167.0,558.0,134.0,121.0,132.0,134.0,353.0,154.0,256.0,728.0,107.0,120.0,201.0,733.0,232.0,358.0,818.0,111.0,25.0,677.0,422.0,721.0,125.0,967.0,183.0,602.0,11955.0,107.0,541.0,130.0,43.0,1503.5,172.05599999999998,258.0,178.74,2.2262,59.25,44.0,54.84,40.375,713.0,892.0,640.0,234.0,856.0,435.0,241.0,297.0,77.0,164.0,162.0,560.0,452.0,759.0,172.0,530.0,532.0,819.0,556.0,128.0,268.0,353.0,150.0,,106.0,948.0,104.0,102.0,107.0,104.0,6598.0,116.0,107.0,15.0,33059.0,23.06
79,0.0,0.43099025896955995,4.50974832303297,9.90080620304559,49.2855574215906,108.404827183865,155.448370068471,233.62102034418496,113.0,103.0,106.0,105.0,984.0,106.0,122.0,113.0,114.0,167.0,558.0,134.0,121.0,132.0,134.0,353.0,154.0,256.0,728.0,107.0,120.0,201.0,733.0,232.0,358.0,818.0,111.0,25.0,677.0,422.0,721.0,125.0,967.0,183.0,602.0,11955.0,107.0,541.0,130.0,43.0,1503.5,172.05599999999998,258.0,178.74,2.2262,59.25,44.0,54.84,40.375,713.0,892.0,640.0,234.0,856.0,435.0,241.0,297.0,77.0,164.0,162.0,560.0,452.0,759.0,172.0,530.0,532.0,819.0,556.0,128.0,268.0,353.0,150.0,,106.0,948.0,104.0,102.0,107.0,104.0,6598.0,116.0,107.0,15.0,33059.0,22.57
80,7.36109804581437,5.73993505626711,17.457919447579695,42.6625581778297,78.2447088752531,90.7171675321904,100.461827899151,128.256227370072,108.0,965.0,102.0,966.0,913.0,102.0,117.0,108.0,109.0,168.0,497.0,129.0,115.0,139.0,123.0,313.0,153.0,231.0,625.0,989.0,116.0,182.0,660.0,21.0,338.0,743.0,106.0,258.0,653.0,43.0,717.0,126.0,96.0,159.0,605.0,113.0,103.0,40.0,124.0,44.0,1507.95,181.31400000000002,260.0,190.01,2.58,62.33,4.0,56.95,44.833,718.0,900.0,636.0,240.0,836.0,478.0,236.0,302.0,833.0,164.0,163.0,585.0,448.0,787.0,172.0,578.0,517.0,823.0,559.0,138.0,270.0,374.0,110.0,,106.0,950.0,963.0,994.0,100.0,923.0,6107.0,107.0,102.0,128.0,37925.0,19.53
81,1.8723790825862,5.17167208235191,12.197718141113,13.204651154658599,28.108261254385198,68.8266887943795,94.37115765271619,135.68939284884,109.0,104.0,101.0,103.0,108.0,997.0,11.0,109.0,110.0,267.0,637.0,12.0,113.0,142.0,132.0,340.0,162.0,252.0,717.0,964.0,116.0,199.0,780.0,235.0,355.0,862.0,104.0,235.0,63.0,429.0,715.0,121.0,95.0,156.0,606.0,115.0,993.0,533.0,126.0,4.0,1494.96,176.326,260.0,187.17,2.3313,59.37,46.0,53.98,46.61,721.0,899.0,643.0,235.0,852.0,470.0,228.0,324.0,838.0,173.0,152.0,594.0,452.0,79.0,1.0,590.0,495.0,799.0,554.0,136.0,275.0,375.0,151.0,,106.0,95.0,101.0,100.0,103.0,10.0,6257.0,102.0,987.0,116.0,28038.0,18.35
82,0.0115882352931924,0.0308279222869254,1.8106711383021399,4.30713179624358,7.17747087937822,27.66815825916349,66.5451256199275,133.271809131908,113.0,109.0,101.0,107.0,117.0,102.0,117.0,113.0,114.0,320.0,558.0,127.0,113.0,142.0,136.0,358.0,176.0,243.0,701.0,979.0,115.0,211.0,766.0,242.0,359.0,948.0,106.0,247.0,649.0,502.0,723.0,133.0,985.0,14.0,606.0,119.0,105.0,477.0,130.0,42.0,1470.21,171.55900000000003,265.0,183.1,2.6505,62.74,45.0,57.06,53.238,776.0,904.0,669.0,234.0,87.0,497.0,225.0,326.0,836.0,188.0,140.0,588.0,447.0,803.0,172.0,614.0,503.0,797.0,555.0,131.0,275.0,361.0,125.0,,115.0,103.0,103.0,101.0,102.0,106.0,6310.0,102.0,99.0,113.0,24272.0,15.93
83,0.28789542323234,0.165389611059195,3.6014429502120398,6.19880621077478,11.327312808750401,14.0141223306034,27.321858346870798,62.170090478212,122.0,123.0,113.0,112.0,141.0,136.0,115.0,120.0,123.0,431.0,56.0,142.0,126.0,163.0,143.0,363.0,188.0,291.0,740.0,105.0,122.0,209.0,738.0,273.0,373.0,116.0,141.0,261.0,681.0,500.0,75.0,134.0,991.0,126.0,612.0,127.0,128.0,606.0,140.0,43.0,1482.83,171.946,274.0,189.61,2.2425,65.85,47.0,59.8,49.773999999999994,7.0,908.0,730.0,238.0,883.0,460.0,224.0,310.0,793.0,191.0,145.0,585.0,436.0,787.0,174.0,608.0,509.0,799.0,560.0,122.0,280.0,348.0,219.0,,1.0,102.0,111.0,114.0,108.0,108.0,6786.0,146.0,139.0,173.0,31090.0,15.36
84,3.2997973856209,2.00368506493506,6.9371476510067,6.1542790697674405,7.8755906821963295,19.518224734042498,35.9166184310739,63.3896253229974,110.0,110.0,971.0,107.0,122.0,121.0,108.0,110.0,111.0,604.0,518.0,122.0,109.0,135.0,137.0,389.0,159.0,273.0,674.0,10.0,111.0,207.0,713.0,231.0,368.0,730.0,126.0,258.0,670.0,453.0,761.0,127.0,999.0,961.0,610.0,11580.0,102.0,70.0,126.0,4.0,1559.64,179.55700000000002,274.0,176.64,2.0305,63.6,44.0,57.52,43.083,772.0,911.0,762.0,225.0,880.0,458.0,252.0,338.0,721.0,189.0,144.0,558.0,442.0,773.0,174.0,65.0,510.0,750.0,553.0,129.0,287.0,35.0,2.0,348.0,115.0,103.0,101.0,926.0,111.0,106.0,6798.0,10.0,106.0,125.0,32104.0,15.75
85,0.17921568627450898,0.00370129870129866,0.0320637583892613,0.0176279069767438,0.20048252911813602,10.108503989361699,29.001987814166004,55.838888888888796,106.0,109.0,970.0,101.0,124.0,119.0,102.0,106.0,108.0,659.0,625.0,122.0,110.0,122.0,128.0,381.0,153.0,244.0,641.0,977.0,10.0,17.0,636.0,209.0,339.0,73.0,125.0,259.0,639.0,404.0,763.0,11.0,979.0,858.0,61.0,112.0,10.0,452.0,122.0,40.0,1595.63,178.426,25.0,155.42,1.9158,55.0,38.0,50.53,39.638000000000005,7.0,906.0,72.0,234.0,87.0,487.0,2.0,327.0,810.0,181.0,155.0,563.0,452.0,772.0,170.0,669.0,501.0,721.0,551.0,128.0,291.0,341.0,236.0,576.0,1.0,104.0,973.0,914.0,105.0,101.0,6368.0,109.0,107.0,115.0,25025.0,15.96
86,0.003450980392156811,0.000665584415584364,0.0,0.0,0.11556572379367698,12.4626994680851,28.3109367859863,73.64086563307491,114.0,114.0,102.0,106.0,129.0,121.0,113.0,114.0,115.0,582.0,78.0,12.0,117.0,120.0,1358.0,397.0,149.0,213.0,657.0,100.0,103.0,213.0,67.0,234.0,349.0,844.0,126.0,182.0,563.0,407.0,767.0,121.0,965.0,152.0,612.0,120.0,987.0,760.0,131.0,22.0,1592.92,149.237,234.0,111.84,1.7927,32.98,25.0,29.88,29.233,839.0,894.0,679.0,227.0,860.0,499.0,305.0,327.0,886.0,182.0,16.0,564.0,427.0,756.0,16.0,665.0,494.0,697.0,551.0,113.0,298.0,335.0,163.0,586.0,121.0,107.0,105.0,975.0,10.0,111.0,6764.0,101.0,102.0,100.0,19177.0,18.96
87,0.556084967320259,4.66470779220778,16.033775167785198,19.79575193798449,37.3485108153078,66.76427526595741,73.8132901751713,140.076757105943,988.0,100.0,986.0,969.0,104.0,926.0,100.0,99.0,987.0,363.0,103.0,124.0,112.0,125.0,123.0,371.0,141.0,138.0,561.0,102.0,709.0,189.0,577.0,218.0,310.0,719.0,96.0,123.0,427.0,421.0,744.0,119.0,929.0,113.0,608.0,104.0,810.0,443.0,113.0,14.0,1686.32,151.171,228.0,79.49,1.7386,23.34,16.0,16.52,32.56,853.0,823.0,598.0,224.0,809.0,526.0,280.0,279.0,870.0,189.0,168.0,525.0,344.0,682.0,152.0,625.0,493.0,721.0,521.0,828.0,274.0,281.0,0.0,273.0,121.0,105.0,960.0,928.0,100.0,980.0,6181.0,757.0,763.0,731.0,8906.0,19.79
